cat,testname,ms
cpu,FloatMul,1.61e-6
cpu,FloatSin,5.681e-6
cpu,VecMulBroad,4.727991886409736e-5
cpu,MatMul,0.00037954112554112557
cpu,MatMulBroad,0.00016592939814814815
cpu,3DMulBroad,0.00184215
cpu,FFMPEGH264Write,230.5330855
mem,DeepCopy,0.00020782849239280772
diskio,TempdirWrite,0.1964365
diskio,TempdirRead,0.0691485
loading,JuliaLoad,282.5468395
loading,UsingCSV,1772.4724445
loading,UsingVideoIO,4002.5751975000003
