cat,testname,ms
cpu,FloatMul,1.5109999999999998e-6
cpu,FloatSin,4.456e-6
cpu,VecMulBroad,5.0557186234817814e-5
cpu,MatMul,0.00034186595744680853
cpu,MatMulBroad,0.0001640865051903114
cpu,3DMulBroad,0.0017034
mem,DeepCopy,0.00018966833333333333
diskio,TempdirWrite,0.1961915
diskio,TempdirRead,0.069674
loading,JuliaLoad,253.8320995
loading,UsingCSV,1512.8010415
